{"cameraMode":{"drawMode":0,"name":"Shaded","section":"Shading Mode"},"sceneLighting":true,"audioPlay":false,"sceneViewState":{"showFog":true,"showMaterialUpdate":true,"showSkybox":false,"showFlares":true,"showImageEffects":true,"showParticleSystems":true},"in2DMode":false,"pivot":{"x":0.06189298629760742,"y":1.0548529624938965,"z":10.856000900268555},"rotation":{"x":0.009450786747038365,"y":-0.9855093359947205,"z":0.05861455202102661,"w":0.15889130532741548},"size":6.257478713989258,"orthographic":false}