{"cameraMode":{"drawMode":0,"name":"Shaded","section":"Shading Mode"},"sceneLighting":true,"audioPlay":false,"sceneViewState":{"showFog":true,"showMaterialUpdate":true,"showSkybox":false,"showFlares":true,"showImageEffects":true,"showParticleSystems":true},"in2DMode":false,"pivot":{"x":4.661343097686768,"y":5.090397834777832,"z":24.517520904541017},"rotation":{"x":0.08377441018819809,"y":-0.23918041586875916,"z":0.02071794494986534,"w":0.967132568359375},"size":9.359012603759766,"orthographic":false}