{"cameraMode":{"drawMode":0,"name":"Shaded","section":"Shading Mode"},"sceneLighting":true,"audioPlay":false,"sceneViewState":{"showFog":true,"showMaterialUpdate":true,"showSkybox":false,"showFlares":true,"showImageEffects":true,"showParticleSystems":true},"in2DMode":false,"pivot":{"x":9.081134796142579,"y":6.937407970428467,"z":44.93966293334961},"rotation":{"x":0.1428501158952713,"y":0.24336698651313783,"z":-0.03626462072134018,"w":0.9586716294288635},"size":9.407341957092286,"orthographic":false}