{"cameraMode":{"drawMode":0,"name":"Shaded","section":"Shading Mode"},"sceneLighting":true,"audioPlay":false,"sceneViewState":{"showFog":true,"showMaterialUpdate":false,"showSkybox":true,"showFlares":true,"showImageEffects":true,"showParticleSystems":true},"in2DMode":false,"pivot":{"x":17.05990219116211,"y":5.087047100067139,"z":-5.926446914672852},"rotation":{"x":0.23301838338375092,"y":-0.6728383302688599,"z":0.23725095391273499,"w":0.6608350872993469},"size":9.366127967834473,"orthographic":false}