{"cameraMode":{"drawMode":0,"name":"Shaded","section":"Shading Mode"},"sceneLighting":true,"audioPlay":false,"sceneViewState":{"showFog":true,"showMaterialUpdate":true,"showSkybox":false,"showFlares":true,"showImageEffects":true,"showParticleSystems":true},"in2DMode":false,"pivot":{"x":-14.229987144470215,"y":16.280736923217775,"z":36.16135025024414},"rotation":{"x":0.001504414132796228,"y":-0.9843389987945557,"z":0.1760706901550293,"w":0.008585238829255104},"size":14.920345306396485,"orthographic":false}