{"cameraMode":{"drawMode":0,"name":"Shaded","section":"Shading Mode"},"sceneLighting":true,"audioPlay":false,"sceneViewState":{"showFog":true,"showMaterialUpdate":true,"showSkybox":false,"showFlares":true,"showImageEffects":true,"showParticleSystems":true},"in2DMode":false,"pivot":{"x":1.515188217163086,"y":-0.11930203437805176,"z":24.208499908447267},"rotation":{"x":0.011482705362141133,"y":0.9641872644424439,"z":-0.26157087087631228,"w":0.04232987388968468},"size":10.09713077545166,"orthographic":false}