{"cameraMode":{"drawMode":0,"name":"Shaded","section":"Shading Mode"},"sceneLighting":true,"audioPlay":false,"sceneViewState":{"showFog":true,"showMaterialUpdate":true,"showSkybox":false,"showFlares":true,"showImageEffects":true,"showParticleSystems":true},"in2DMode":false,"pivot":{"x":4.337953567504883,"y":9.407990455627442,"z":30.176753997802736},"rotation":{"x":-0.2461138665676117,"y":0.22606119513511659,"z":-0.059146929532289508,"w":-0.9406518936157227},"size":3.985369920730591,"orthographic":false}